t,pos,vel,u,pref
0.01,0.0953251,-1.3942,2.43174, 1
0.02,0.081383,-1.3569,2.43174, 1
0.03,0.067814,-1.31983,2.43174, 1
0.04,0.0546158,-1.28299,2.43174, 1
0.05,0.0417859,-1.24639,2.43174, 1
0.06,0.029322,-1.21002,2.43174, 1
0.07,0.0172218,-1.1739,2.43174, 1
0.08,0.00548282,-1.13801,2.43174, 1
0.09,-0.00589733,-1.10237,2.43174, 1
0.1,-0.016921,-1.06697,2.43174, 1
0.11,-0.0275908,-1.03511,2.10237, 1
0.12,-0.0379419,-1.00346,2.10237, 1
0.13,-0.0479764,-0.972021,2.10237, 1
0.14,-0.0576967,-0.940797,2.10237, 1
0.15,-0.0671046,-0.909788,2.10237, 1
0.16,-0.0762025,-0.878996,2.10237, 1
0.17,-0.0849925,-0.84842,2.10237, 1
0.18,-0.0934767,-0.818062,2.10237, 1
0.19,-0.101657,-0.787923,2.10237, 1
0.2,-0.109537,-0.758004,2.10237, 1
0.21,-0.117117,-0.731449,1.78792, 1
0.22,-0.124431,-0.705084,1.78792, 1
0.23,-0.131482,-0.67891,1.78792, 1
0.24,-0.138271,-0.652927,1.78792, 1
0.25,-0.1448,-0.627135,1.78792, 1
0.26,-0.151072,-0.601537,1.78792, 1
0.27,-0.157087,-0.576131,1.78792, 1
0.28,-0.162848,-0.55092,1.78792, 1
0.29,-0.168357,-0.525903,1.78792, 1
0.3,-0.173617,-0.501081,1.78792, 1
0.31,-0.178627,-0.479075,1.5259, 1
0.32,-0.183418,-0.457239,1.5259, 1
0.33,-0.18799,-0.435574,1.5259, 1
0.34,-0.192346,-0.414079,1.5259, 1
0.35,-0.196487,-0.392756,1.5259, 1
0.36,-0.200415,-0.371604,1.5259, 1
0.37,-0.204131,-0.350625,1.5259, 1
0.38,-0.207637,-0.329818,1.5259, 1
0.39,-0.210935,-0.309185,1.5259, 1
0.4,-0.214027,-0.288725,1.5259, 1
0.41,-0.216914,-0.270605,1.30918, 1
0.42,-0.21962,-0.252638,1.30918, 1
0.43,-0.222147,-0.234824,1.30918, 1
0.44,-0.224495,-0.217162,1.30918, 1
0.45,-0.226666,-0.199654,1.30918, 1
0.46,-0.228663,-0.182299,1.30918, 1
0.47,-0.230486,-0.165097,1.30918, 1
0.48,-0.232137,-0.14805,1.30918, 1
0.49,-0.233617,-0.131156,1.30918, 1
0.5,-0.234929,-0.114416,1.30918, 1
0.51,-0.236073,-0.0996113,1.13116, 1
0.52,-0.237069,-0.0849429,1.13116, 1
0.53,-0.237919,-0.0704112,1.13116, 1
0.54,-0.238623,-0.0560163,1.13116, 1
0.55,-0.239183,-0.0417584,1.13116, 1
0.56,-0.239601,-0.0276374,1.13116, 1
0.57,-0.239877,-0.0136535,1.13116, 1
0.58,-0.240013,0.000193379,1.13116, 1
0.59,-0.240012,0.0139031,1.13116, 1
0.6,-0.239872,0.0274758,1.13116, 1
0.61,-0.239598,0.0394607,0.986097, 1
0.62,-0.239203,0.0513231,0.986097, 1
0.63,-0.23869,0.0630628,0.986097, 1
0.64,-0.238059,0.0746801,0.986097, 1
0.65,-0.237312,0.0861748,0.986097, 1
0.66,-0.236451,0.0975472,0.986097, 1
0.67,-0.235475,0.108797,0.986097, 1
0.68,-0.234387,0.119925,0.986097, 1
0.69,-0.233188,0.130931,0.986097, 1
0.7,-0.231879,0.141814,0.986097, 1
0.71,-0.230461,0.151405,0.869069, 1
0.72,-0.228947,0.160887,0.869069, 1
0.73,-0.227338,0.170258,0.869069, 1
0.74,-0.225635,0.179519,0.869069, 1
0.75,-0.22384,0.188671,0.869069, 1
0.76,-0.221953,0.197714,0.869069, 1
0.77,-0.219976,0.206647,0.869069, 1
0.78,-0.21791,0.215471,0.869069, 1
0.79,-0.215755,0.224186,0.869069, 1
0.8,-0.213513,0.232792,0.869069, 1
0.81,-0.211185,0.240358,0.775814, 1
0.82,-0.208782,0.247824,0.775814, 1
0.83,-0.206303,0.255192,0.775814, 1
0.84,-0.203751,0.262461,0.775814, 1
0.85,-0.201127,0.269632,0.775814, 1
0.86,-0.19843,0.276705,0.775814, 1
0.87,-0.195663,0.28368,0.775814, 1
0.88,-0.192827,0.290558,0.775814, 1
0.89,-0.189921,0.297339,0.775814, 1
0.9,-0.186948,0.304023,0.775814, 1
0.91,-0.183907,0.309879,0.702661, 1
0.92,-0.180809,0.315646,0.702661, 1
0.93,-0.177652,0.321324,0.702661, 1
0.94,-0.174439,0.326914,0.702661, 1
0.95,-0.17117,0.332416,0.702661, 1
0.96,-0.167846,0.33783,0.702661, 1
0.97,-0.164467,0.343157,0.702661, 1
0.98,-0.161036,0.348397,0.702661, 1
0.99,-0.157552,0.35355,0.702661, 1
1,-0.154016,0.358616,0.702661, 1
1.01,-0.15043,0.363035,0.64645, 1
1.02,-0.1468,0.367373,0.64645, 1
1.03,-0.143126,0.371632,0.64645, 1
1.04,-0.13941,0.375811,0.64645, 1
1.05,-0.135652,0.379912,0.64645, 1
1.06,-0.131852,0.383934,0.64645, 1
1.07,-0.128013,0.387877,0.64645, 1
1.08,-0.124134,0.391743,0.64645, 1
1.09,-0.120217,0.395532,0.64645, 1
1.1,-0.116262,0.399243,0.64645, 1
1.11,-0.112269,0.402458,0.604468, 1
1.12,-0.108245,0.405601,0.604468, 1
1.13,-0.104189,0.408672,0.604468, 1
1.14,-0.100102,0.411672,0.604468, 1
1.15,-0.0959851,0.414601,0.604468, 1
1.16,-0.0918391,0.417459,0.604468, 1
1.17,-0.0876645,0.420248,0.604468, 1
1.18,-0.083462,0.422967,0.604468, 1
1.19,-0.0792324,0.425616,0.604468, 1
1.2,-0.0749762,0.428197,0.604468, 1
1.21,-0.0706942,0.430409,0.574384, 1
1.22,-0.0663902,0.432555,0.574384, 1
1.23,-0.0620646,0.434638,0.574384, 1
1.24,-0.0577182,0.436656,0.574384, 1
1.25,-0.0533517,0.43861,0.574384, 1
1.26,-0.0489656,0.440501,0.574384, 1
1.27,-0.0445606,0.44233,0.574384, 1
1.28,-0.0401373,0.444096,0.574384, 1
1.29,-0.0356963,0.4458,0.574384, 1
1.3,-0.0312383,0.447443,0.574384, 1
1.31,-0.0267639,0.448823,0.5542, 1
1.32,-0.0222756,0.450144,0.5542, 1
1.33,-0.0177742,0.451408,0.5542, 1
1.34,-0.0132601,0.452613,0.5542, 1
1.35,-0.00873398,0.453762,0.5542, 1
1.36,-0.00419636,0.454854,0.5542, 1
1.37,0.000352173,0.455889,0.5542, 1
1.38,0.00491106,0.456869,0.5542, 1
1.39,0.00947975,0.457793,0.5542, 1
1.4,0.0140577,0.458662,0.5542, 1
1.41,0.0186443,0.459357,0.542207, 1
1.42,0.0232379,0.459999,0.542207, 1
1.43,0.0278379,0.460589,0.542207, 1
1.44,0.0324437,0.461126,0.542207, 1
1.45,0.037055,0.461613,0.542207, 1
1.46,0.0416711,0.462048,0.542207, 1
1.47,0.0462916,0.462433,0.542207, 1
1.48,0.050916,0.462768,0.542207, 1
1.49,0.0555436,0.463053,0.542207, 1
1.5,0.0601742,0.463289,0.542207, 1
1.51,0.0648071,0.463424,0.536947, 1
1.52,0.0694413,0.463511,0.536947, 1
1.53,0.0740764,0.463551,0.536947, 1
1.54,0.0787119,0.463544,0.536947, 1
1.55,0.0833474,0.463491,0.536947, 1
1.56,0.0879823,0.463392,0.536947, 1
1.57,0.0926162,0.463248,0.536947, 1
1.58,0.0972487,0.463059,0.536947, 1
1.59,0.101879,0.462825,0.536947, 1
1.6,0.106508,0.462548,0.536947, 1
1.61,0.111133,0.462229,0.537175, 1
1.62,0.115755,0.461867,0.537175, 1
1.63,0.120374,0.461463,0.537175, 1
1.64,0.124989,0.461016,0.537175, 1
1.65,0.129599,0.460528,0.537175, 1
1.66,0.134204,0.459998,0.537175, 1
1.67,0.138804,0.459428,0.537175, 1
1.68,0.143398,0.458817,0.537175, 1
1.69,0.147986,0.458167,0.537175, 1
1.7,0.152568,0.457477,0.537175, 1
1.71,0.157143,0.456795,0.541833, 1
1.72,0.161711,0.456074,0.541833, 1
1.73,0.166272,0.455314,0.541833, 1
1.74,0.170825,0.454517,0.541833, 1
1.75,0.17537,0.453682,0.541833, 1
1.76,0.179907,0.45281,0.541833, 1
1.77,0.184435,0.451901,0.541833, 1
1.78,0.188954,0.450956,0.541833, 1
1.79,0.193463,0.449975,0.541833, 1
1.8,0.197963,0.448959,0.541833, 1
1.81,0.202453,0.44799,0.550025, 1
1.82,0.206933,0.446986,0.550025, 1
1.83,0.211402,0.445947,0.550025, 1
1.84,0.215862,0.444874,0.550025, 1
1.85,0.220311,0.443767,0.550025, 1
1.86,0.224748,0.442626,0.550025, 1
1.87,0.229175,0.441453,0.550025, 1
1.88,0.233589,0.440246,0.550025, 1
1.89,0.237992,0.439008,0.550025, 1
1.9,0.242382,0.437739,0.550025, 1
1.91,0.246759,0.436547,0.560992, 1
1.92,0.251125,0.435324,0.560992, 1
1.93,0.255478,0.43407,0.560992, 1
1.94,0.259818,0.432784,0.560992, 1
1.95,0.264146,0.431468,0.560992, 1
1.96,0.268461,0.430122,0.560992, 1
1.97,0.272762,0.428746,0.560992, 1
1.98,0.27705,0.427341,0.560992, 1
1.99,0.281323,0.425907,0.560992, 1
2,0.285582,0.424444,0.560992, 1
2.01,0.289827,0.423085,0.574093, 1
2.02,0.294057,0.421697,0.574093, 1
2.03,0.298274,0.42028,0.574093, 1
2.04,0.302477,0.418836,0.574093, 1
2.05,0.306666,0.417363,0.574093, 1
2.06,0.310839,0.415864,0.574093, 1
2.07,0.314998,0.414338,0.574093, 1
2.08,0.319141,0.412785,0.574093, 1
2.09,0.323269,0.411207,0.574093, 1
2.1,0.327381,0.409603,0.574093, 1
2.11,0.331477,0.408121,0.588793, 1
2.12,0.335558,0.406613,0.588793, 1
2.13,0.339625,0.40508,0.588793, 1
2.14,0.343675,0.40352,0.588793, 1
2.15,0.347711,0.401936,0.588793, 1
2.16,0.35173,0.400328,0.588793, 1
2.17,0.355733,0.398695,0.588793, 1
2.18,0.35972,0.397039,0.588793, 1
2.19,0.363691,0.395359,0.588793, 1
2.2,0.367644,0.393657,0.588793, 1
2.21,0.371581,0.39209,0.604641, 1
2.22,0.375502,0.3905,0.604641, 1
2.23,0.379407,0.388886,0.604641, 1
2.24,0.383295,0.38725,0.604641, 1
2.25,0.387168,0.385591,0.604641, 1
2.26,0.391024,0.383909,0.604641, 1
2.27,0.394863,0.382206,0.604641, 1
2.28,0.398685,0.380482,0.604641, 1
2.29,0.40249,0.378737,0.604641, 1
2.3,0.406277,0.376971,0.604641, 1
2.31,0.410047,0.375351,0.621263, 1
2.32,0.4138,0.37371,0.621263, 1
2.33,0.417538,0.372047,0.621263, 1
2.34,0.421258,0.370364,0.621263, 1
2.35,0.424962,0.368661,0.621263, 1
2.36,0.428648,0.366937,0.621263, 1
2.37,0.432318,0.365194,0.621263, 1
2.38,0.43597,0.363431,0.621263, 1
2.39,0.439604,0.36165,0.621263, 1
2.4,0.44322,0.35985,0.621263, 1
2.41,0.446819,0.358203,0.63835, 1
2.42,0.450401,0.356536,0.63835, 1
2.43,0.453966,0.35485,0.63835, 1
2.44,0.457515,0.353146,0.63835, 1
2.45,0.461046,0.351422,0.63835, 1
2.46,0.46456,0.349681,0.63835, 1
2.47,0.468057,0.347922,0.63835, 1
2.48,0.471536,0.346146,0.63835, 1
2.49,0.474998,0.344353,0.63835, 1
2.5,0.478441,0.342543,0.63835, 1
2.51,0.481867,0.340889,0.655647, 1
2.52,0.485276,0.339218,0.655647, 1
2.53,0.488668,0.33753,0.655647, 1
2.54,0.492043,0.335824,0.655647, 1
2.55,0.495401,0.334102,0.655647, 1
2.56,0.498743,0.332364,0.655647, 1
2.57,0.502066,0.330609,0.655647, 1
2.58,0.505372,0.328839,0.655647, 1
2.59,0.508661,0.327053,0.655647, 1
2.6,0.511931,0.325252,0.655647, 1
2.61,0.515184,0.32361,0.672947, 1
2.62,0.51842,0.321952,0.672947, 1
2.63,0.521639,0.320277,0.672947, 1
2.64,0.524842,0.318588,0.672947, 1
2.65,0.528028,0.316883,0.672947, 1
2.66,0.531197,0.315163,0.672947, 1
2.67,0.534348,0.313429,0.672947, 1
2.68,0.537483,0.311681,0.672947, 1
2.69,0.540599,0.309919,0.672947, 1
2.7,0.543699,0.308143,0.672947, 1
2.71,0.54678,0.306525,0.690081, 1
2.72,0.549845,0.304893,0.690081, 1
2.73,0.552894,0.303246,0.690081, 1
2.74,0.555927,0.301586,0.690081, 1
2.75,0.558943,0.299912,0.690081, 1
2.76,0.561942,0.298224,0.690081, 1
2.77,0.564924,0.296523,0.690081, 1
2.78,0.567889,0.294809,0.690081, 1
2.79,0.570837,0.293083,0.690081, 1
2.8,0.573768,0.291345,0.690081, 1
2.81,0.576682,0.289763,0.706917, 1
2.82,0.579579,0.288167,0.706917, 1
2.83,0.582461,0.286559,0.706917, 1
2.84,0.585326,0.284938,0.706917, 1
2.85,0.588176,0.283305,0.706917, 1
2.86,0.591009,0.281659,0.706917, 1
2.87,0.593825,0.280002,0.706917, 1
2.88,0.596625,0.278332,0.706917, 1
2.89,0.599409,0.276652,0.706917, 1
2.9,0.602175,0.274961,0.706917, 1
2.91,0.604925,0.273423,0.723348, 1
2.92,0.607659,0.271873,0.723348, 1
2.93,0.610378,0.270311,0.723348, 1
2.94,0.613081,0.268737,0.723348, 1
2.95,0.615768,0.267153,0.723348, 1
2.96,0.61844,0.265557,0.723348, 1
2.97,0.621095,0.263951,0.723348, 1
2.98,0.623735,0.262334,0.723348, 1
2.99,0.626358,0.260706,0.723348, 1
3,0.628965,0.259069,0.723348, 1
3.01,0.631556,0.257582,0.739294, 1
3.02,0.634132,0.256083,0.739294, 1
3.03,0.636693,0.254574,0.739294, 1
3.04,0.639238,0.253054,0.739294, 1
3.05,0.641769,0.251524,0.739294, 1
3.06,0.644284,0.249984,0.739294, 1
3.07,0.646784,0.248435,0.739294, 1
3.08,0.649268,0.246875,0.739294, 1
3.09,0.651737,0.245307,0.739294, 1
3.1,0.65419,0.243729,0.739294, 1
3.11,0.656628,0.242297,0.754693, 1
3.12,0.659051,0.240855,0.754693, 1
3.13,0.661459,0.239403,0.754693, 1
3.14,0.663853,0.237941,0.754693, 1
3.15,0.666233,0.23647,0.754693, 1
3.16,0.668597,0.23499,0.754693, 1
3.17,0.670947,0.233501,0.754693, 1
3.18,0.673282,0.232003,0.754693, 1
3.19,0.675602,0.230497,0.754693, 1
3.2,0.677907,0.228983,0.754693, 1
3.21,0.680197,0.22761,0.769503, 1
3.22,0.682473,0.226226,0.769503, 1
3.23,0.684735,0.224835,0.769503, 1
3.24,0.686984,0.223434,0.769503, 1
3.25,0.689218,0.222025,0.769503, 1
3.26,0.691438,0.220607,0.769503, 1
3.27,0.693644,0.219182,0.769503, 1
3.28,0.695836,0.217749,0.769503, 1
3.29,0.698014,0.216308,0.769503, 1
3.3,0.700177,0.21486,0.769503, 1
3.31,0.702325,0.213546,0.783692, 1
3.32,0.704461,0.212224,0.783692, 1
3.33,0.706583,0.210894,0.783692, 1
3.34,0.708692,0.209557,0.783692, 1
3.35,0.710788,0.208211,0.783692, 1
3.36,0.71287,0.206858,0.783692, 1
3.37,0.714938,0.205498,0.783692, 1
3.38,0.716993,0.20413,0.783692, 1
3.39,0.719034,0.202756,0.783692, 1
3.4,0.721062,0.201375,0.783692, 1
3.41,0.723076,0.200123,0.797244, 1
3.42,0.725077,0.198863,0.797244, 1
3.43,0.727066,0.197596,0.797244, 1
3.44,0.729042,0.196322,0.797244, 1
3.45,0.731005,0.195041,0.797244, 1
3.46,0.732955,0.193753,0.797244, 1
3.47,0.734893,0.192458,0.797244, 1
3.48,0.736817,0.191157,0.797244, 1
3.49,0.738729,0.18985,0.797244, 1
3.5,0.740627,0.188537,0.797244, 1
3.51,0.742513,0.187347,0.81015, 1
3.52,0.744386,0.186149,0.81015, 1
3.53,0.746248,0.184946,0.81015, 1
3.54,0.748097,0.183735,0.81015, 1
3.55,0.749935,0.182518,0.81015, 1
3.56,0.75176,0.181295,0.81015, 1
3.57,0.753573,0.180066,0.81015, 1
3.58,0.755373,0.178831,0.81015, 1
3.59,0.757162,0.177591,0.81015, 1
3.6,0.758938,0.176345,0.81015, 1
3.61,0.760701,0.175216,0.822409, 1
3.62,0.762453,0.174081,0.822409, 1
3.63,0.764194,0.17294,0.822409, 1
3.64,0.765923,0.171792,0.822409, 1
3.65,0.767641,0.170639,0.822409, 1
3.66,0.769348,0.169481,0.822409, 1
3.67,0.771043,0.168317,0.822409, 1
3.68,0.772726,0.167147,0.822409, 1
3.69,0.774397,0.165972,0.822409, 1
3.7,0.776057,0.164793,0.822409, 1
3.71,0.777705,0.163725,0.834028, 1
3.72,0.779342,0.162651,0.834028, 1
3.73,0.780969,0.161571,0.834028, 1
3.74,0.782584,0.160486,0.834028, 1
3.75,0.784189,0.159395,0.834028, 1
3.76,0.785783,0.1583,0.834028, 1
3.77,0.787366,0.157199,0.834028, 1
3.78,0.788938,0.156094,0.834028, 1
3.79,0.790499,0.154984,0.834028, 1
3.8,0.792049,0.153869,0.834028, 1
3.81,0.793588,0.15286,0.845016, 1
3.82,0.795116,0.151846,0.845016, 1
3.83,0.796635,0.150826,0.845016, 1
3.84,0.798143,0.149802,0.845016, 1
3.85,0.799641,0.148773,0.845016, 1
3.86,0.801129,0.147739,0.845016, 1
3.87,0.802606,0.1467,0.845016, 1
3.88,0.804073,0.145657,0.845016, 1
3.89,0.80553,0.14461,0.845016, 1
3.9,0.806976,0.143559,0.845016, 1
3.91,0.808411,0.142608,0.85539, 1
3.92,0.809837,0.141651,0.85539, 1
3.93,0.811254,0.14069,0.85539, 1
3.94,0.812661,0.139725,0.85539, 1
3.95,0.814058,0.138755,0.85539, 1
3.96,0.815446,0.13778,0.85539, 1
3.97,0.816823,0.136802,0.85539, 1
3.98,0.818191,0.13582,0.85539, 1
3.99,0.81955,0.134834,0.85539, 1
4,0.820898,0.133844,0.85539, 1
4.01,0.822236,0.132948,0.865166, 1
4.02,0.823566,0.132048,0.865166, 1
4.03,0.824886,0.131143,0.865166, 1
4.04,0.826198,0.130235,0.865166, 1
4.05,0.8275,0.129322,0.865166, 1
4.06,0.828793,0.128405,0.865166, 1
4.07,0.830077,0.127485,0.865166, 1
4.08,0.831352,0.126561,0.865166, 1
4.09,0.832618,0.125634,0.865166, 1
4.1,0.833874,0.124703,0.865166, 1
4.11,0.835121,0.123861,0.874366, 1
4.12,0.83636,0.123015,0.874366, 1
4.13,0.83759,0.122164,0.874366, 1
4.14,0.838812,0.121311,0.874366, 1
4.15,0.840025,0.120453,0.874366, 1
4.16,0.841229,0.119592,0.874366, 1
4.17,0.842425,0.118727,0.874366, 1
4.18,0.843612,0.117859,0.874366, 1
4.19,0.844791,0.116988,0.874366, 1
4.2,0.845961,0.116114,0.874366, 1
4.21,0.847122,0.115324,0.883012, 1
4.22,0.848275,0.114529,0.883012, 1
4.23,0.849421,0.113731,0.883012, 1
4.24,0.850558,0.11293,0.883012, 1
4.25,0.851687,0.112125,0.883012, 1
4.26,0.852808,0.111317,0.883012, 1
4.27,0.853922,0.110506,0.883012, 1
4.28,0.855027,0.109692,0.883012, 1
4.29,0.856124,0.108875,0.883012, 1
4.3,0.857212,0.108055,0.883012, 1
4.31,0.858293,0.107314,0.891125, 1
4.32,0.859366,0.106569,0.891125, 1
4.33,0.860432,0.105821,0.891125, 1
4.34,0.86149,0.105069,0.891125, 1
4.35,0.862541,0.104315,0.891125, 1
4.36,0.863584,0.103558,0.891125, 1
4.37,0.864619,0.102798,0.891125, 1
4.38,0.865647,0.102035,0.891125, 1
4.39,0.866668,0.101269,0.891125, 1
4.4,0.86768,0.100501,0.891125, 1
4.41,0.868685,0.0998065,0.898731, 1
4.42,0.869683,0.0991088,0.898731, 1
4.43,0.870675,0.0984082,0.898731, 1
4.44,0.871659,0.0977047,0.898731, 1
4.45,0.872636,0.0969984,0.898731, 1
4.46,0.873606,0.0962894,0.898731, 1
4.47,0.874569,0.0955777,0.898731, 1
4.48,0.875524,0.0948636,0.898731, 1
4.49,0.876473,0.094147,0.898731, 1
4.5,0.877414,0.0934281,0.898731, 1
4.51,0.878349,0.0927782,0.905853, 1
4.52,0.879276,0.0921255,0.905853, 1
4.53,0.880198,0.09147,0.905853, 1
4.54,0.881112,0.0908118,0.905853, 1
4.55,0.882021,0.0901511,0.905853, 1
4.56,0.882922,0.0894879,0.905853, 1
4.57,0.883817,0.0888224,0.905853, 1
4.58,0.884705,0.0881545,0.905853, 1
4.59,0.885587,0.0874844,0.905853, 1
4.6,0.886462,0.0868123,0.905853, 1
4.61,0.88733,0.0862047,0.912516, 1
4.62,0.888192,0.0855945,0.912516, 1
4.63,0.889048,0.0849818,0.912516, 1
4.64,0.889897,0.0843666,0.912516, 1
4.65,0.890741,0.0837492,0.912516, 1
4.66,0.891579,0.0831294,0.912516, 1
4.67,0.89241,0.0825075,0.912516, 1
4.68,0.893235,0.0818835,0.912516, 1
4.69,0.894054,0.0812574,0.912516, 1
4.7,0.894866,0.0806295,0.912516, 1
4.71,0.895673,0.0800619,0.918743, 1
4.72,0.896473,0.079492,0.918743, 1
4.73,0.897268,0.0789198,0.918743, 1
4.74,0.898057,0.0783453,0.918743, 1
4.75,0.898841,0.0777687,0.918743, 1
4.76,0.899619,0.0771901,0.918743, 1
4.77,0.90039,0.0766094,0.918743, 1
4.78,0.901157,0.0760268,0.918743, 1
4.79,0.901917,0.0754424,0.918743, 1
4.8,0.902671,0.0748563,0.918743, 1
4.81,0.90342,0.0743266,0.924558, 1
4.82,0.904163,0.0737947,0.924558, 1
4.83,0.904901,0.0732607,0.924558, 1
4.84,0.905634,0.0727246,0.924558, 1
4.85,0.906361,0.0721866,0.924558, 1
4.86,0.907083,0.0716467,0.924558, 1
4.87,0.907799,0.071105,0.924558, 1
4.88,0.90851,0.0705615,0.924558, 1
4.89,0.909216,0.0700164,0.924558, 1
4.9,0.909916,0.0694696,0.924558, 1
4.91,0.910611,0.0689756,0.929984, 1
4.92,0.911301,0.0684796,0.929984, 1
4.93,0.911985,0.0679816,0.929984, 1
4.94,0.912665,0.0674818,0.929984, 1
4.95,0.91334,0.0669802,0.929984, 1
4.96,0.91401,0.0664768,0.929984, 1
4.97,0.914675,0.0659718,0.929984, 1
4.98,0.915334,0.0654651,0.929984, 1
4.99,0.915989,0.064957,0.929984, 1
5,0.916638,0.0644474,0.929984, 1
5.01,0.917283,0.0639869,0.935043, 1
5.02,0.917923,0.0635247,0.935043, 1
5.03,0.918558,0.0630606,0.935043, 1
5.04,0.919189,0.0625949,0.935043, 1
5.05,0.919815,0.0621275,0.935043, 1
5.06,0.920436,0.0616585,0.935043, 1
5.07,0.921052,0.061188,0.935043, 1
5.08,0.921664,0.060716,0.935043, 1
5.09,0.922272,0.0602426,0.935043, 1
5.1,0.922874,0.0597679,0.935043, 1
5.11,0.923472,0.0593391,0.939757, 1
5.12,0.924065,0.0589085,0.939757, 1
5.13,0.924654,0.0584764,0.939757, 1
5.14,0.925239,0.0580426,0.939757, 1
5.15,0.925819,0.0576074,0.939757, 1
5.16,0.926395,0.0571707,0.939757, 1
5.17,0.926967,0.0567326,0.939757, 1
5.18,0.927534,0.0562932,0.939757, 1
5.19,0.928097,0.0558525,0.939757, 1
5.2,0.928656,0.0554106,0.939757, 1
5.21,0.92921,0.0550114,0.944148, 1
5.22,0.92976,0.0546106,0.944148, 1
5.23,0.930306,0.0542084,0.944148, 1
5.24,0.930848,0.0538047,0.944148, 1
5.25,0.931386,0.0533997,0.944148, 1
5.26,0.93192,0.0529933,0.944148, 1
5.27,0.93245,0.0525856,0.944148, 1
5.28,0.932976,0.0521767,0.944148, 1
5.29,0.933498,0.0517667,0.944148, 1
5.3,0.934016,0.0513555,0.944148, 1
5.31,0.934529,0.0509841,0.948233, 1
5.32,0.935039,0.0506113,0.948233, 1
5.33,0.935545,0.0502372,0.948233, 1
5.34,0.936047,0.0498617,0.948233, 1
5.35,0.936546,0.0494849,0.948233, 1
5.36,0.937041,0.049107,0.948233, 1
5.37,0.937532,0.0487278,0.948233, 1
5.38,0.938019,0.0483475,0.948233, 1
5.39,0.938503,0.0479662,0.948233, 1
5.4,0.938982,0.0475839,0.948233, 1
5.41,0.939458,0.0472385,0.952034, 1
5.42,0.939931,0.0468919,0.952034, 1
5.43,0.940399,0.046544,0.952034, 1
5.44,0.940865,0.0461949,0.952034, 1
5.45,0.941327,0.0458447,0.952034, 1
5.46,0.941785,0.0454933,0.952034, 1
5.47,0.94224,0.0451408,0.952034, 1
5.48,0.942692,0.0447874,0.952034, 1
5.49,0.94314,0.0444329,0.952034, 1
5.5,0.943584,0.0440775,0.952034, 1
5.51,0.944025,0.0437566,0.955567, 1
5.52,0.944462,0.0434344,0.955567, 1
5.53,0.944897,0.0431111,0.955567, 1
5.54,0.945328,0.0427867,0.955567, 1
5.55,0.945756,0.0424613,0.955567, 1
5.56,0.94618,0.0421348,0.955567, 1
5.57,0.946601,0.0418073,0.955567, 1
5.58,0.94702,0.0414789,0.955567, 1
5.59,0.947434,0.0411496,0.955567, 1
5.6,0.947846,0.0408194,0.955567, 1
5.61,0.948254,0.0405212,0.95885, 1
5.62,0.948659,0.040222,0.95885, 1
5.63,0.949061,0.0399217,0.95885, 1
5.64,0.949461,0.0396204,0.95885, 1
5.65,0.949857,0.039318,0.95885, 1
5.66,0.95025,0.0390148,0.95885, 1
5.67,0.95064,0.0387107,0.95885, 1
5.68,0.951027,0.0384057,0.95885, 1
5.69,0.951411,0.0380998,0.95885, 1
5.7,0.951792,0.0377932,0.95885, 1
5.71,0.95217,0.0375164,0.9619, 1
5.72,0.952545,0.0372385,0.9619, 1
5.73,0.952918,0.0369597,0.9619, 1
5.74,0.953287,0.0366799,0.9619, 1
5.75,0.953654,0.0363992,0.9619, 1
5.76,0.954018,0.0361177,0.9619, 1
5.77,0.954379,0.0358353,0.9619, 1
5.78,0.954738,0.0355522,0.9619, 1
5.79,0.955093,0.0352683,0.9619, 1
5.8,0.955446,0.0349837,0.9619, 1
5.81,0.955796,0.0347267,0.964732, 1
5.82,0.956143,0.0344688,0.964732, 1
5.83,0.956488,0.03421,0.964732, 1
5.84,0.95683,0.0339503,0.964732, 1
5.85,0.957169,0.0336898,0.964732, 1
5.86,0.957506,0.0334286,0.964732, 1
5.87,0.957841,0.0331665,0.964732, 1
5.88,0.958172,0.0329038,0.964732, 1
5.89,0.958501,0.0326403,0.964732, 1
5.9,0.958828,0.0323762,0.964732, 1
5.91,0.959151,0.0321378,0.96736, 1
5.92,0.959473,0.0318985,0.96736, 1
5.93,0.959792,0.0316584,0.96736, 1
5.94,0.960108,0.0314175,0.96736, 1
5.95,0.960423,0.0311758,0.96736, 1
5.96,0.960734,0.0309334,0.96736, 1
5.97,0.961044,0.0306903,0.96736, 1
5.98,0.961351,0.0304466,0.96736, 1
5.99,0.961655,0.0302022,0.96736, 1
6,0.961957,0.0299572,0.96736, 1
6.01,0.962257,0.0297361,0.969798, 1
6.02,0.962554,0.0295141,0.969798, 1
6.03,0.962849,0.0292914,0.969798, 1
6.04,0.963142,0.029068,0.969798, 1
6.05,0.963433,0.0288439,0.969798, 1
6.06,0.963721,0.0286191,0.969798, 1
6.07,0.964007,0.0283937,0.969798, 1
6.08,0.964291,0.0281676,0.969798, 1
6.09,0.964573,0.027941,0.969798, 1
6.1,0.964852,0.0277139,0.969798, 1
6.11,0.96513,0.0275088,0.972059, 1
6.12,0.965405,0.027303,0.972059, 1
6.13,0.965678,0.0270965,0.972059, 1
6.14,0.965949,0.0268894,0.972059, 1
6.15,0.966217,0.0266816,0.972059, 1
6.16,0.966484,0.0264732,0.972059, 1
6.17,0.966749,0.0262642,0.972059, 1
6.18,0.967012,0.0260546,0.972059, 1
6.19,0.967272,0.0258446,0.972059, 1
6.2,0.967531,0.025634,0.972059, 1
6.21,0.967787,0.0254439,0.974155, 1
6.22,0.968041,0.0252531,0.974155, 1
6.23,0.968294,0.0250618,0.974155, 1
6.24,0.968545,0.0248697,0.974155, 1
6.25,0.968793,0.0246772,0.974155, 1
6.26,0.96904,0.024484,0.974155, 1
6.27,0.969285,0.0242903,0.974155, 1
6.28,0.969528,0.0240961,0.974155, 1
6.29,0.969769,0.0239014,0.974155, 1
6.3,0.970008,0.0237063,0.974155, 1
6.31,0.970245,0.0235301,0.976099, 1
6.32,0.97048,0.0233534,0.976099, 1
6.33,0.970714,0.023176,0.976099, 1
6.34,0.970945,0.0229981,0.976099, 1
6.35,0.971175,0.0228197,0.976099, 1
6.36,0.971404,0.0226407,0.976099, 1
6.37,0.97163,0.0224612,0.976099, 1
6.38,0.971855,0.0222813,0.976099, 1
6.39,0.972077,0.0221009,0.976099, 1
6.4,0.972298,0.0219201,0.976099, 1
6.41,0.972518,0.0217569,0.977899, 1
6.42,0.972735,0.0215932,0.977899, 1
6.43,0.972951,0.0214289,0.977899, 1
6.44,0.973165,0.0212641,0.977899, 1
6.45,0.973378,0.0210988,0.977899, 1
6.46,0.973589,0.020933,0.977899, 1
6.47,0.973798,0.0207668,0.977899, 1
6.48,0.974006,0.0206001,0.977899, 1
6.49,0.974212,0.020433,0.977899, 1
6.5,0.974416,0.0202656,0.977899, 1
6.51,0.974619,0.0201144,0.979567, 1
6.52,0.97482,0.0199628,0.979567, 1
6.53,0.97502,0.0198106,0.979567, 1
6.54,0.975218,0.019658,0.979567, 1
6.55,0.975415,0.0195049,0.979567, 1
6.56,0.97561,0.0193514,0.979567, 1
6.57,0.975803,0.0191974,0.979567, 1
6.58,0.975995,0.0190431,0.979567, 1
6.59,0.976185,0.0188884,0.979567, 1
6.6,0.976374,0.0187333,0.979567, 1
6.61,0.976562,0.0185933,0.981112, 1
6.62,0.976748,0.0184529,0.981112, 1
6.63,0.976932,0.018312,0.981112, 1
6.64,0.977115,0.0181707,0.981112, 1
6.65,0.977297,0.0180289,0.981112, 1
6.66,0.977477,0.0178868,0.981112, 1
6.67,0.977656,0.0177443,0.981112, 1
6.68,0.977834,0.0176014,0.981112, 1
6.69,0.97801,0.0174582,0.981112, 1
6.7,0.978184,0.0173146,0.981112, 1
6.71,0.978357,0.017185,0.982542, 1
6.72,0.978529,0.017055,0.982542, 1
6.73,0.9787,0.0169246,0.982542, 1
6.74,0.978869,0.0167938,0.982542, 1
6.75,0.979037,0.0166626,0.982542, 1
6.76,0.979204,0.016531,0.982542, 1
6.77,0.979369,0.0163991,0.982542, 1
6.78,0.979533,0.0162668,0.982542, 1
6.79,0.979696,0.0161342,0.982542, 1
6.8,0.979857,0.0160013,0.982542, 1
6.81,0.980017,0.0158814,0.983866, 1
6.82,0.980176,0.0157611,0.983866, 1
6.83,0.980333,0.0156404,0.983866, 1
6.84,0.98049,0.0155193,0.983866, 1
6.85,0.980645,0.0153979,0.983866, 1
6.86,0.980799,0.0152761,0.983866, 1
6.87,0.980952,0.015154,0.983866, 1
6.88,0.981103,0.0150316,0.983866, 1
6.89,0.981253,0.0149089,0.983866, 1
6.9,0.981403,0.014786,0.983866, 1
6.91,0.98155,0.014675,0.985091, 1
6.92,0.981697,0.0145636,0.985091, 1
6.93,0.981843,0.0144519,0.985091, 1
6.94,0.981987,0.0143399,0.985091, 1
6.95,0.982131,0.0142275,0.985091, 1
6.96,0.982273,0.0141149,0.985091, 1
6.97,0.982414,0.0140019,0.985091, 1
6.98,0.982554,0.0138887,0.985091, 1
6.99,0.982693,0.0137751,0.985091, 1
7,0.982831,0.0136614,0.985091, 1
7.01,0.982967,0.0135587,0.986225, 1
7.02,0.983103,0.0134557,0.986225, 1
7.03,0.983238,0.0133523,0.986225, 1
7.04,0.983371,0.0132487,0.986225, 1
7.05,0.983504,0.0131447,0.986225, 1
7.06,0.983635,0.0130405,0.986225, 1
7.07,0.983765,0.012936,0.986225, 1
7.08,0.983895,0.0128312,0.986225, 1
7.09,0.984023,0.0127262,0.986225, 1
7.1,0.98415,0.012621,0.986225, 1
7.11,0.984277,0.012526,0.987274, 1
7.12,0.984402,0.0124307,0.987274, 1
7.13,0.984526,0.0123351,0.987274, 1
7.14,0.98465,0.0122392,0.987274, 1
7.15,0.984772,0.0121431,0.987274, 1
7.16,0.984893,0.0120467,0.987274, 1
7.17,0.985014,0.01195,0.987274, 1
7.18,0.985133,0.0118531,0.987274, 1
7.19,0.985252,0.011756,0.987274, 1
7.2,0.985369,0.0116587,0.987274, 1
7.21,0.985486,0.0115708,0.988244, 1
7.22,0.985602,0.0114827,0.988244, 1
7.23,0.985717,0.0113943,0.988244, 1
7.24,0.98583,0.0113056,0.988244, 1
7.25,0.985944,0.0112167,0.988244, 1
7.26,0.986056,0.0111275,0.988244, 1
7.27,0.986167,0.0110381,0.988244, 1
7.28,0.986277,0.0109485,0.988244, 1
7.29,0.986387,0.0108587,0.988244, 1
7.3,0.986495,0.0107687,0.988244, 1
7.31,0.986603,0.0106875,0.989141, 1
7.32,0.98671,0.010606,0.989141, 1
7.33,0.986816,0.0105242,0.989141, 1
7.34,0.986921,0.0104422,0.989141, 1
7.35,0.987026,0.01036,0.989141, 1
7.36,0.987129,0.0102776,0.989141, 1
7.37,0.987232,0.0101949,0.989141, 1
7.38,0.987334,0.0101121,0.989141, 1
7.39,0.987435,0.010029,0.989141, 1
7.4,0.987535,0.00994578,0.989141, 1
7.41,0.987635,0.00987068,0.989971, 1
7.42,0.987734,0.00979534,0.989971, 1
7.43,0.987832,0.00971976,0.989971, 1
7.44,0.987929,0.00964395,0.989971, 1
7.45,0.988025,0.00956794,0.989971, 1
7.46,0.988121,0.00949172,0.989971, 1
7.47,0.988216,0.0094153,0.989971, 1
7.48,0.98831,0.0093387,0.989971, 1
7.49,0.988403,0.00926192,0.989971, 1
7.5,0.988496,0.00918498,0.989971, 1
7.51,0.988588,0.00911555,0.990738, 1
7.52,0.988679,0.0090459,0.990738, 1
7.53,0.988769,0.00897603,0.990738, 1
7.54,0.988859,0.00890596,0.990738, 1
7.55,0.988948,0.00883569,0.990738, 1
7.56,0.989037,0.00876523,0.990738, 1
7.57,0.989124,0.00869459,0.990738, 1
7.58,0.989211,0.00862378,0.990738, 1
7.59,0.989297,0.00855282,0.990738, 1
7.6,0.989383,0.00848169,0.990738, 1
7.61,0.989468,0.00841752,0.991447, 1
7.62,0.989552,0.00835314,0.991447, 1
7.63,0.989635,0.00828856,0.991447, 1
7.64,0.989718,0.00822379,0.991447, 1
7.65,0.989801,0.00815884,0.991447, 1
7.66,0.989882,0.00809372,0.991447, 1
7.67,0.989963,0.00802843,0.991447, 1
7.68,0.990043,0.00796299,0.991447, 1
7.69,0.990123,0.0078974,0.991447, 1
7.7,0.990202,0.00783166,0.991447, 1
7.71,0.99028,0.00777235,0.992103, 1
7.72,0.990358,0.00771285,0.992103, 1
7.73,0.990435,0.00765317,0.992103, 1
7.74,0.990512,0.00759331,0.992103, 1
7.75,0.990588,0.00753329,0.992103, 1
7.76,0.990663,0.00747311,0.992103, 1
7.77,0.990738,0.00741277,0.992103, 1
7.78,0.990812,0.00735229,0.992103, 1
7.79,0.990885,0.00729168,0.992103, 1
7.8,0.990958,0.00723093,0.992103, 1
7.81,0.991031,0.00717612,0.992708, 1
7.82,0.991102,0.00712114,0.992708, 1
7.83,0.991174,0.00706599,0.992708, 1
7.84,0.991244,0.00701068,0.992708, 1
7.85,0.991314,0.00695521,0.992708, 1
7.86,0.991384,0.0068996,0.992708, 1
7.87,0.991453,0.00684385,0.992708, 1
7.88,0.991521,0.00678796,0.992708, 1
7.89,0.991589,0.00673195,0.992708, 1
7.9,0.991657,0.00667583,0.992708, 1
7.91,0.991723,0.00662518,0.993268, 1
7.92,0.99179,0.00657438,0.993268, 1
7.93,0.991855,0.00652342,0.993268, 1
7.94,0.99192,0.00647231,0.993268, 1
7.95,0.991985,0.00642107,0.993268, 1
7.96,0.992049,0.00636968,0.993268, 1
7.97,0.992113,0.00631817,0.993268, 1
7.98,0.992176,0.00626654,0.993268, 1
7.99,0.992239,0.00621479,0.993268, 1
8,0.992301,0.00616294,0.993268, 1
8.01,0.992363,0.00611615,0.993785, 1
8.02,0.992424,0.00606921,0.993785, 1
8.03,0.992485,0.00602213,0.993785, 1
8.04,0.992545,0.00597492,0.993785, 1
8.05,0.992605,0.00592757,0.993785, 1
8.06,0.992664,0.0058801,0.993785, 1
8.07,0.992723,0.00583251,0.993785, 1
8.08,0.992781,0.00578481,0.993785, 1
8.09,0.992839,0.00573701,0.993785, 1
8.1,0.992896,0.0056891,0.993785, 1
8.11,0.992953,0.00564588,0.994263, 1
8.12,0.99301,0.00560252,0.994263, 1
8.13,0.993066,0.00555903,0.994263, 1
8.14,0.993121,0.00551541,0.994263, 1
8.15,0.993176,0.00547168,0.994263, 1
8.16,0.993231,0.00542783,0.994263, 1
8.17,0.993285,0.00538387,0.994263, 1
8.18,0.993339,0.00533981,0.994263, 1
8.19,0.993393,0.00529565,0.994263, 1
8.2,0.993445,0.0052514,0.994263, 1
8.21,0.993498,0.00521147,0.994704, 1
8.22,0.99355,0.00517142,0.994704, 1
8.23,0.993602,0.00513125,0.994704, 1
8.24,0.993653,0.00509096,0.994704, 1
8.25,0.993704,0.00505056,0.994704, 1
8.26,0.993755,0.00501006,0.994704, 1
8.27,0.993805,0.00496946,0.994704, 1
8.28,0.993854,0.00492876,0.994704, 1
8.29,0.993904,0.00488797,0.994704, 1
8.3,0.993953,0.0048471,0.994704, 1
8.31,0.994001,0.00481022,0.995112, 1
8.32,0.994049,0.00477323,0.995112, 1
8.33,0.994097,0.00473613,0.995112, 1
8.34,0.994144,0.00469892,0.995112, 1
8.35,0.994191,0.00466161,0.995112, 1
8.36,0.994238,0.0046242,0.995112, 1
8.37,0.994284,0.0045867,0.995112, 1
8.38,0.99433,0.00454911,0.995112, 1
8.39,0.994375,0.00451144,0.995112, 1
8.4,0.994421,0.00447369,0.995112, 1
8.41,0.994465,0.00443964,0.995489, 1
8.42,0.99451,0.00440547,0.995489, 1
8.43,0.994554,0.00437121,0.995489, 1
8.44,0.994597,0.00433685,0.995489, 1
8.45,0.994641,0.00430239,0.995489, 1
8.46,0.994684,0.00426784,0.995489, 1
8.47,0.994726,0.00423321,0.995489, 1
8.48,0.994769,0.0041985,0.995489, 1
8.49,0.994811,0.00416371,0.995489, 1
8.5,0.994852,0.00412885,0.995489, 1
8.51,0.994894,0.0040974,0.995836, 1
8.52,0.994935,0.00406585,0.995836, 1
8.53,0.994975,0.00403421,0.995836, 1
8.54,0.995016,0.00400248,0.995836, 1
8.55,0.995056,0.00397066,0.995836, 1
8.56,0.995095,0.00393876,0.995836, 1
8.57,0.995135,0.00390678,0.995836, 1
8.58,0.995174,0.00387473,0.995836, 1
8.59,0.995213,0.0038426,0.995836, 1
8.6,0.995251,0.00381041,0.995836, 1
8.61,0.995289,0.00378137,0.996157, 1
8.62,0.995327,0.00375224,0.996157, 1
8.63,0.995365,0.00372302,0.996157, 1
8.64,0.995402,0.00369372,0.996157, 1
8.65,0.995439,0.00366434,0.996157, 1
8.66,0.995475,0.00363488,0.996157, 1
8.67,0.995512,0.00360536,0.996157, 1
8.68,0.995548,0.00357576,0.996157, 1
8.69,0.995583,0.0035461,0.996157, 1
8.7,0.995619,0.00351638,0.996157, 1
8.71,0.995654,0.00348956,0.996454, 1
8.72,0.995689,0.00346267,0.996454, 1
8.73,0.995724,0.00343569,0.996454, 1
8.74,0.995758,0.00340863,0.996454, 1
8.75,0.995792,0.00338151,0.996454, 1
8.76,0.995826,0.00335431,0.996454, 1
8.77,0.995859,0.00332705,0.996454, 1
8.78,0.995893,0.00329972,0.996454, 1
8.79,0.995926,0.00327234,0.996454, 1
8.8,0.995958,0.0032449,0.996454, 1
8.81,0.995991,0.00322014,0.996728, 1
8.82,0.996023,0.00319531,0.996728, 1
8.83,0.996055,0.0031704,0.996728, 1
8.84,0.996087,0.00314542,0.996728, 1
8.85,0.996118,0.00312038,0.996728, 1
8.86,0.996149,0.00309527,0.996728, 1
8.87,0.99618,0.0030701,0.996728, 1
8.88,0.996211,0.00304487,0.996728, 1
8.89,0.996241,0.00301959,0.996728, 1
8.9,0.996272,0.00299425,0.996728, 1
8.91,0.996302,0.0029714,0.99698, 1
8.92,0.996331,0.00294847,0.99698, 1
8.93,0.996361,0.00292548,0.99698, 1
8.94,0.99639,0.00290242,0.99698, 1
8.95,0.996419,0.0028793,0.99698, 1
8.96,0.996448,0.00285612,0.99698, 1
8.97,0.996476,0.00283288,0.99698, 1
8.98,0.996505,0.00280959,0.99698, 1
8.99,0.996533,0.00278625,0.99698, 1
9,0.996561,0.00276287,0.99698, 1
9.01,0.996588,0.00274177,0.997214, 1
9.02,0.996616,0.0027206,0.997214, 1
9.03,0.996643,0.00269938,0.997214, 1
9.04,0.99667,0.00267809,0.997214, 1
9.05,0.996697,0.00265675,0.997214, 1
9.06,0.996723,0.00263535,0.997214, 1
9.07,0.99675,0.0026139,0.997214, 1
9.08,0.996776,0.0025924,0.997214, 1
9.09,0.996802,0.00257086,0.997214, 1
9.1,0.996827,0.00254927,0.997214, 1
9.11,0.996853,0.00252979,0.997429, 1
9.12,0.996878,0.00251026,0.997429, 1
9.13,0.996903,0.00249066,0.997429, 1
9.14,0.996928,0.00247101,0.997429, 1
9.15,0.996953,0.00245131,0.997429, 1
9.16,0.996977,0.00243156,0.997429, 1
9.17,0.997002,0.00241176,0.997429, 1
9.18,0.997026,0.00239192,0.997429, 1
9.19,0.99705,0.00237203,0.997429, 1
9.2,0.997074,0.0023521,0.997429, 1
9.21,0.997097,0.00233413,0.997628, 1
9.22,0.99712,0.0023161,0.997628, 1
9.23,0.997144,0.00229801,0.997628, 1
9.24,0.997167,0.00227987,0.997628, 1
9.25,0.997189,0.00226169,0.997628, 1
9.26,0.997212,0.00224346,0.997628, 1
9.27,0.997234,0.00222518,0.997628, 1
9.28,0.997257,0.00220687,0.997628, 1
9.29,0.997279,0.00218851,0.997628, 1
9.3,0.997301,0.00217012,0.997628, 1
9.31,0.997322,0.00215353,0.997811, 1
9.32,0.997344,0.00213688,0.997811, 1
9.33,0.997365,0.00212019,0.997811, 1
9.34,0.997386,0.00210345,0.997811, 1
9.35,0.997407,0.00208667,0.997811, 1
9.36,0.997428,0.00206984,0.997811, 1
9.37,0.997449,0.00205297,0.997811, 1
9.38,0.99747,0.00203607,0.997811, 1
9.39,0.99749,0.00201913,0.997811, 1
9.4,0.99751,0.00200215,0.997811, 1
9.41,0.99753,0.00198684,0.997981, 1
9.42,0.99755,0.00197148,0.997981, 1
9.43,0.99757,0.00195607,0.997981, 1
9.44,0.997589,0.00194062,0.997981, 1
9.45,0.997609,0.00192513,0.997981, 1
9.46,0.997628,0.0019096,0.997981, 1
9.47,0.997647,0.00189404,0.997981, 1
9.48,0.997666,0.00187843,0.997981, 1
9.49,0.997685,0.0018628,0.997981, 1
9.5,0.997703,0.00184713,0.997981, 1
9.51,0.997722,0.001833,0.998137, 1
9.52,0.99774,0.00181882,0.998137, 1
9.53,0.997758,0.0018046,0.998137, 1
9.54,0.997776,0.00179035,0.998137, 1
9.55,0.997794,0.00177605,0.998137, 1
9.56,0.997812,0.00176172,0.998137, 1
9.57,0.99783,0.00174735,0.998137, 1
9.58,0.997847,0.00173296,0.998137, 1
9.59,0.997864,0.00171853,0.998137, 1
9.6,0.997882,0.00170407,0.998137, 1
9.61,0.997899,0.00169103,0.998281, 1
9.62,0.997916,0.00167794,0.998281, 1
9.63,0.997932,0.00166482,0.998281, 1
9.64,0.997949,0.00165166,0.998281, 1
9.65,0.997966,0.00163847,0.998281, 1
9.66,0.997982,0.00162525,0.998281, 1
9.67,0.997998,0.00161199,0.998281, 1
9.68,0.998014,0.0015987,0.998281, 1
9.69,0.99803,0.00158539,0.998281, 1
9.7,0.998046,0.00157204,0.998281, 1
9.71,0.998062,0.00156001,0.998415, 1
9.72,0.998077,0.00154793,0.998415, 1
9.73,0.998093,0.00153583,0.998415, 1
9.74,0.998108,0.00152368,0.998415, 1
9.75,0.998124,0.00151151,0.998415, 1
9.76,0.998139,0.00149931,0.998415, 1
9.77,0.998154,0.00148707,0.998415, 1
9.78,0.998169,0.00147481,0.998415, 1
9.79,0.998183,0.00146252,0.998415, 1
9.8,0.998198,0.00145021,0.998415, 1
9.81,0.998212,0.0014391,0.998537, 1
9.82,0.998227,0.00142796,0.998537, 1
9.83,0.998241,0.00141679,0.998537, 1
9.84,0.998255,0.00140559,0.998537, 1
9.85,0.998269,0.00139435,0.998537, 1
9.86,0.998283,0.00138309,0.998537, 1
9.87,0.998297,0.0013718,0.998537, 1
9.88,0.998311,0.00136049,0.998537, 1
9.89,0.998324,0.00134915,0.998537, 1
9.9,0.998338,0.00133779,0.998537, 1
9.91,0.998351,0.00132754,0.998651, 1
9.92,0.998365,0.00131726,0.998651, 1
9.93,0.998378,0.00130695,0.998651, 1
9.94,0.998391,0.00129661,0.998651, 1
9.95,0.998404,0.00128625,0.998651, 1
9.96,0.998417,0.00127586,0.998651, 1
9.97,0.998429,0.00126544,0.998651, 1
9.98,0.998442,0.001255,0.998651, 1
9.99,0.998455,0.00124454,0.998651, 1
10,0.998467,0.00123405,0.998651, 1
10.01,0.998479,0.0012246,0.998755, 1
10.02,0.998492,0.00121511,0.998755, 1
10.03,0.998504,0.0012056,0.998755, 1
10.04,0.998516,0.00119606,0.998755, 1
10.05,0.998528,0.0011865,0.998755, 1
10.06,0.99854,0.00117691,0.998755, 1
10.07,0.998551,0.0011673,0.998755, 1
10.08,0.998563,0.00115767,0.998755, 1
10.09,0.998575,0.00114801,0.998755, 1
10.1,0.998586,0.00113834,0.998755, 1
